Word,Relevance
service,0.4607
rzs,0.4581
services,0.4465
customers,0.3715
consulting,0.3382
providing,0.3306
customer,0.3282
business,0.3269
products,0.324
systems,0.3238
opportunities,0.3211
company,0.32
requirements,0.3193
businesses,0.3185
system,0.3149
assistance,0.3083
provides,0.3046
overview,0.3039
objectives,0.3031
security,0.303
experience,0.3021
contractors,0.301
product,0.301
companies,0.3005
equipment,0.2965
expertise,0.2964
employment,0.2915
suppliers,0.2886
deliver,0.2867
specialty,0.2863
solutions,0.2828
freight,0.28
industries,0.2761
sales,0.273
provided,0.272
partners,0.2704
delivers,0.2704
provide,0.2704
contracts,0.2696
facilities,0.2695
agencies,0.2682
industrial,0.2653
contract,0.2608
technical,0.2589
efforts,0.2588
applicant,0.2588
opportunity,0.254
participate,0.2532
mission,0.2521
needs,0.2517
our,0.2498
we,0.2495
accomplish,0.2484
communications,0.2482
construction,0.2469
solution,0.2452
delivered,0.245
electrical,0.2447
associates,0.2434
transportation,0.2427
monitoring,0.2426
programs,0.2407
employees,0.239
custom,0.2387
fabrication,0.2384
contact,0.238
problems,0.2373
network,0.2365
knowledge,0.2356
specifications,0.2355
processing,0.2347
work,0.2343
demonstrate,0.234
partner,0.2339
traffic,0.2336
commitment,0.2334
working,0.2329
support,0.2321
license,0.2298
technology,0.2287
program,0.2275
quality,0.2254
issues,0.2246
commercial,0.2242
reporting,0.2223
alarm,0.221
outstanding,0.2192
safety,0.2187
emergencies,0.2183
bus,0.2177
subcontracts,0.2175
strikestar,0.2173
project,0.2171
mail,0.214
existing,0.2129
allows,0.2118
questions,0.2109
united,0.2108
building,0.2095
integration,0.2092
